IF OBJECT_ID('AUTHOR', 'U') IS NOT NULL DROP TABLE AUTHOR;
IF OBJECT_ID('BOOK', 'U') IS NOT NULL DROP TABLE BOOK;
IF OBJECT_ID('STUDENT', 'U') IS NOT NULL DROP TABLE STUDENT;
IF OBJECT_ID('BORROW', 'U') IS NOT NULL DROP TABLE BORROW;

CREATE TABLE AUTHOR(
	AUTHORID			NUMERIC(4) NOT NULL,
	FIRSTNAME			VARCHAR(10) NOT NULL,
	LASTNAME			VARCHAR(10),
	GENDER				VARCHAR(10),
	DATEOFBIRTH			DATETIME,
	DATEOFDEATH			DATETIME,
	CONSTRAINT AUTHOR_PRIMARY_KEY PRIMARY KEY (AUTHORID)
);

INSERT INTO AUTHOR VALUES (1234,'JOHN', 'SMITH', 'MALE', '30-SEP-1972', NULL);
INSERT INTO AUTHOR VALUES (2572,'ARLENE', 'KOWALSKI', 'FEMALE', '04-MAY-1974', NULL);
INSERT INTO AUTHOR VALUES (4112,'ANDREASSA', 'DELACRUZ', 'FEMALE', '17-JUL-1929', '11-JAN-2015');
INSERT INTO AUTHOR VALUES (1111,'RAJHIT', 'ADHMAR', 'MALE', '23-JUL-1992', NULL);
INSERT INTO AUTHOR VALUES (9841,'STEPHEN', 'GOLDBERG', 'MALE', '01-JAN-1980', NULL);

CREATE TABLE BOOK(
	BOOKID				NUMERIC(6) NOT NULL,
	AUTHORID			NUMERIC(4),
	TITLE				VARCHAR(30) NOT NULL,
	GENRE				VARCHAR(10) NOT NULL,
	RELEASEDATE			DATETIME,
	PAGES				NUMERIC(5) NOT NULL,
	EDITION				NUMERIC(2),
	CONSTRAINT BOOK_PRIMARY_KEY PRIMARY KEY (BOOKID),
	CONSTRAINT BOOK_FOREIGN_KEY FOREIGN KEY (AUTHORID) REFERENCES AUTHOR (AUTHORID),
);

INSERT INTO BOOK VALUES (491257, 1234, 'On Top of the Whale', 'COMEDY', '12-APR-1991', 513, 1);
INSERT INTO BOOK VALUES (481114, 1234, 'Lathe of Heaven', 'SCIENCE', '17-AUG-2005', 2010, 1);
INSERT INTO BOOK VALUES (364873, 1234, 'Mr. Wrong', 'BIOGRAPHY', '12-APR-1995', 883, 1);
INSERT INTO BOOK VALUES (481945, 2572, 'Keeping the Faith', 'SCIENCE', '08-MAY-1996', 1212, 3);
INSERT INTO BOOK VALUES (884421, 2572, 'Born Yesterday', 'COMEDY', '13-SEP-2001', 690, 3);
INSERT INTO BOOK VALUES (191148, 4112, 'Bounty Killer', 'CRIME', '12-JUL-1964', 321, 4);
INSERT INTO BOOK VALUES (731245, 4112, 'Vital Signs', 'CRIME', '18-DEC-1946', 980, 5);
INSERT INTO BOOK VALUES (888777, 4112, 'Ever After: A Cinderella Story', 'COMEDY', '10-JUN-1981', 829, 3);
INSERT INTO BOOK VALUES (121245, 1111, 'The American Dream,', 'BIOGRAPHY', '31-AUG-2008', 795, 1);
INSERT INTO BOOK VALUES (644558, 1111, 'Raajneeti', 'CRIME', '28-FEB-2018', 8121, 1);

CREATE TABLE STUDENT(
	STUDENTID			NUMERIC(5) NOT NULL,
	FIRSTNAME			VARCHAR(10) NOT NULL,
	LASTNAME			VARCHAR(10) NOT NULL,
	GENDER				VARCHAR(10),
	CLASSYEAR			NUMERIC(2) NOT NULL,
	DATEOFBIRTH			DATETIME NOT NULL,
	CONSTRAINT STUDENT_PRIMARY_KEY PRIMARY KEY (STUDENTID)
);

INSERT INTO STUDENT VALUES (82246, 'ANTONELLA', 'STRATFORD', 'FEMALE', 7, '15-NOV-1973');
INSERT INTO STUDENT VALUES (90243, 'AUDRYE', 'CLEMMOW', 'FEMALE', 4, '10-JAN-1984');
INSERT INTO STUDENT VALUES (41291, 'KARLEE', 'KUNDERT', 'FEMALE', 10, '31-OCT-2006');
INSERT INTO STUDENT VALUES (30000, 'COSMO', 'UPSALE', 'MALE', 14, '29-NOV-1991');
INSERT INTO STUDENT VALUES (29503, 'ASHTON', 'FABBRI', 'MALE', 5, '19-OCT-1941');
INSERT INTO STUDENT VALUES (28872, 'MARIA', 'MCKEADY', 'FEMALE', 13, '20-MAY-1962');
INSERT INTO STUDENT VALUES (69910, 'ROSSY', 'CHICK', 'MALE', 3, '11-FEB-1988');
INSERT INTO STUDENT VALUES (84792, 'DOUGLASS', 'STOWTE', 'MALE', 12, '06-JUN-1953');
INSERT INTO STUDENT VALUES (78354, 'OSWALD', 'CHAFFEY', 'MALE', 11, '13-JUL-2001');
INSERT INTO STUDENT VALUES (88067, 'SEKA', 'POCHET', 'FEMALE', 6, '28-DEC-1977');
INSERT INTO STUDENT VALUES (56224, 'RUSS', 'FISHER', 'MALE', 1, '10-NOV-2005');
INSERT INTO STUDENT VALUES (94975, 'JACKIE', 'LLOYDS', 'MALE', 3, '26-SEP-2002');
INSERT INTO STUDENT VALUES (77444, 'CHADDY', 'POULTNEY', 'MALE', 6, '24-JAN-1997');
INSERT INTO STUDENT VALUES (49205, 'BERTA', 'RIDDE', 'FEMALE', 4, '17-APR-1935');
INSERT INTO STUDENT VALUES (60455, 'TWILA', 'EDMANS', 'FEMALE', 1, '11-JUL-1974');

CREATE TABLE CHECKOUT(
	CHECKOUTID			NUMERIC(4) NOT NULL,
	STUDENTID			NUMERIC(5) NOT NULL,
	BOOKID				NUMERIC(6) NOT NULL,
	BORROWDATE			DATETIME NOT NULL,
	RETURNDATE			DATETIME,
	CONSTRAINT CHECKOUT_PRIMARY_KEY PRIMARY KEY (CHECKOUTID),
	CONSTRAINT CHECKOUT_FOREIGN_KEY_STUDENT FOREIGN KEY (STUDENTID) REFERENCES STUDENT (STUDENTID),
	CONSTRAINT CHECKOUT_FOREIGN_KEY_BOOK FOREIGN KEY (BOOKID) REFERENCES BOOK (BOOKID)
);

INSERT INTO CHECKOUT VALUES (3248, 41291, 121245, '11-MAY-2010', NULL);
INSERT INTO CHECKOUT VALUES (3660, 78354, 191148, '20-MAY-2012', '28-MAY-2012');
INSERT INTO CHECKOUT VALUES (3826, 82246, 191148, '05-SEP-2012', '05-OCT-2012');
INSERT INTO CHECKOUT VALUES (3923, 90243, 364873, '21-FEB-2014', '20-MAR-2014');
INSERT INTO CHECKOUT VALUES (2790, 29503, 364873, '04-APR-2016', '11-JAN-2019');
INSERT INTO CHECKOUT VALUES (9440, 28872, 481114, '06-OCT-2011', '16-JUL-2012');
INSERT INTO CHECKOUT VALUES (6058, 78354, 481114, '15-SEP-2012', '11-SEP-2015');
INSERT INTO CHECKOUT VALUES (7362, 30000, 481114, '25-AUG-2016', '01-SEP-2019');
INSERT INTO CHECKOUT VALUES (8859, 29503, 491257, '09-FEB-2010', '11-FEB-2010');
INSERT INTO CHECKOUT VALUES (1819, 84792, 491257, '26-SEP-2012', '29-SEP-2012');
INSERT INTO CHECKOUT VALUES (3706, 30000, 491257, '25-MAY-2013', '06-JUN-2013');
INSERT INTO CHECKOUT VALUES (1818, 77444, 491257, '05-JAN-2017', '21-JAN-2017');
INSERT INTO CHECKOUT VALUES (5438, 28872, 644558, '13-NOV-2010', '19-NOV-2010');
INSERT INTO CHECKOUT VALUES (9315, 28872, 644558, '09-DEC-2015', '23-DEC-2015');
INSERT INTO CHECKOUT VALUES (8104, 84792, 644558, '19-JUN-2017', '19-JUL-2017');
INSERT INTO CHECKOUT VALUES (8442, 88067, 644558, '17-SEP-2019', NULL);
INSERT INTO CHECKOUT VALUES (7372, 82246, 731245, '08-APR-2016', '08-APR-2016');
INSERT INTO CHECKOUT VALUES (9766, 94975, 731245, '10-SEP-2017', '29-OCT-2018');
INSERT INTO CHECKOUT VALUES (8580, 30000, 884421, '25-DEC-2010', '11-JAN-2011');
INSERT INTO CHECKOUT VALUES (2767, 41291, 884421, '05-SEP-2017', '29-DEC-2017');